insert into admin values
("GA","Gauri Naik", "gn@gmail.com","12345"),
(“Vijay_123","Vijayabhaskar","vijayreddy123@gmail.com","12345"),
('Nishi92','Nishita','abcd@gmail.com', "12345"),
("nandini_48", "Nandini Narvekar", "nandini@gmail.com", "12345");

insert into mentor values
("M101","Rashmi Kelkar",9213648839,"rk@gmail.com","12345","19750112",null,"GA"),
("M103","adam moller",982748234,"am@gmail.com","12345","19580913",null,"Vijay_123"),
("M104","Emilia Haloeen",928483839,"eh@gmail.com","12345","19801104",null,"Nishi92"),
("M102","Thomas Dufour",7820138201,"thomas.dufour@example.com","12345", "19851114", NULL,
"nandini_48"),
("M311","Smith",9856741672,"thims9872@gmail.com","12345","1972-08-12",null,"Vijay_123"),
("M507","Brandon",9461307845,"nodnarb5487@gmail.com","12345","1971-12-26",null,"GA"),
("M789","Andrew",9764318675,"werdna753@gmail.com","12345","1974-04-10",null,"nandini_48"),
("M127","Vera Horton" ,7954632156 ,"vera.horton@example.com" ,"12345" ,"1975-01-08" ,NULL,
"Nishi92"),("M128","Vandana Krishna" ,7932736920 ,"vandana@example.com" ,"12345" ,"1976-12-12" ,NULL
,"GA"),
("M129","Vishal Solanki" ,9926847227 ,"Vishalsolanki@example.com" ,"12345" ,"1955-01-09" ,NULL
,"Vijay_123"),
("M130","Omprakash Basu" ,8239840210 ,"Omprakash@example.com" ,"12345" ,"1980-12-30" ,NULL
,"nandini_48"),
("M131","Pavitra Rao" ,9892384729 ,"PavitraRao@example.com" ,"12345" ,"1965-10-28" ,NULL
,"Nishi92");
insert into mentee values
("1","Nidhi Sabu","ns@example.com","12345","2001-01-08",9283823982,"GA"),
("2","Jagruti Jain","jj@example.com","12345","2001-02-12",983823982,"GA"),
("3","Anand Rituraj","ARj@example.com","12345","2000-03-28",92898322,"GA"),
("4","Charul Jain","cj12@example.com","12345","2001-11-14",88361839,"GA"),
("5","Tarak Kulkarni","tk8@example.com","12345","2001-01-09",7823461048,"GA");

insert into Sub_Mentor values
("M101","Mathematics"),
("M103","Applied Mechanics"),
("M104","Theory Of Computation"),
("M102","Data Structures"),
("M311","Artificial Intelligence"),
("M507","Software Modeling ");

insert into Counsellor values("M789","Behavioral therapy");
insert into Counsellor values("M127","Cognitive therapy");
insert into Counsellor values("M128","Supportive therapy");insert into Counsellor values("M129","Humanistic therapy");
insert into Counsellor values("M130","Supportive therapy");